,domain,categories,city,collections,country_code,created,emails,facebook,facebook_followers,instagram,instagram_followers,linkedin_account,phones,plan,platform,platform_rank,product_images_created_90,rank,state,status,subject,email
0,https://brunopremi.com/,/Apparel/Footwear,Leno,pumps:mocassini:stivaletti:saldi:anfibi:estivo:stivali:ballerine:invernale:whats-new:vedi-tutti:morsetto-lovers,IT,2020/01/24,support@brunopremi.com,brunopremi,55727,bruno.premi,21435,,,,Shopify,67340,335,215915,Lombardy,Active,Possiamo offrire un Workshop gratuito per brunopremi,"Ciao a tutti
, Mi chiamo Federico Utzeri, amministratore di Hybrida l’agenzia che offre ad eCommerce team di crescita per aumentare il fatturato.
Ho visto il vostro eCommerce brunopremi, penso che alcuni dei vostri prodotti nel 2023 abbiano un’ottima prospettiva di crescita
Ogni mese selezioniamo 5 eCommerce a cui offrire un workshop (gratuito) in cui facciamo un’analisi delle metriche e creiamo un piano d’azione personalizzato che l’eCommerce può seguire per crescere.
Mi piacerebbe davvero fare questo workshop con https://www.brunopremi.com/ perché credo ci siano grandi potenzialità di crescita;
Vi sembra una cattiva idea fare un Workshop gratuito per capire cosa potreste fare per aumentare il fatturato di brunopremi nei prossimi tre mesi?
Spero di sentirvi presto!"
1,www.inkanti.com,/Apparel,,,IT,2018/6/15,,inkanti,658,inkanti_italia,2175,,#ERROR!,,WooCommerce,76593,0,278139,,Active,Possiamo offrire un Workshop gratuito per inkanti,"Ciao a tutti
, Mi chiamo Federico Utzeri, amministratore di Hybrida l’agenzia che offre ad eCommerce team di crescita per aumentare il fatturato.
Ho visto il vostro eCommerce inkanti, penso che alcuni dei vostri prodotti nel 2023 abbiano un’ottima prospettiva di crescita
Ogni mese selezioniamo 5 eCommerce a cui offrire un workshop (gratuito) in cui facciamo un’analisi delle metriche e creiamo un piano d’azione personalizzato che l’eCommerce può seguire per crescere.
Mi piacerebbe davvero fare questo workshop con https://www.inkanti.com perché credo ci siano grandi potenzialità di crescita;
Vi sembra una cattiva idea fare un Workshop gratuito per capire cosa potreste fare per aumentare il fatturato di inkanti nei prossimi tre mesi?
Spero di sentirvi presto!"
2,elisacavaletti.it,/Apparel,Carpi,,IT,2018/6/15,shop@elisacavaletti.it,elisacavalettiofficial,15126,elisacavalettiitaly,5646,,,,WooCommerce,78260,0,283306,Emilia-Romagna,Active,Possiamo offrire un Workshop gratuito per elisacavaletti,"Ciao a tutti
, Mi chiamo Federico Utzeri, amministratore di Hybrida l’agenzia che offre ad eCommerce team di crescita per aumentare il fatturato.
Ho visto il vostro eCommerce elisacavaletti, penso che alcuni dei vostri prodotti nel 2023 abbiano un’ottima prospettiva di crescita
Ogni mese selezioniamo 5 eCommerce a cui offrire un workshop (gratuito) in cui facciamo un’analisi delle metriche e creiamo un piano d’azione personalizzato che l’eCommerce può seguire per crescere.
Mi piacerebbe davvero fare questo workshop con https://www.elisacavaletti.it perché credo ci siano grandi potenzialità di crescita;
Vi sembra una cattiva idea fare un Workshop gratuito per capire cosa potreste fare per aumentare il fatturato di elisacavaletti nei prossimi tre mesi?
Spero di sentirvi presto!"
3,martaray.it,/Apparel/Footwear,Rome,bracciali-1:bag-organizer:outlet-accessori:ballerine-friulane:ballerine-classiche:portapenne:portacellulare:ballerine-tonde-sacchetto:borse:portachiavi:saldi-pe-2022:closet-di-marta-ray:ballerine:marsupi-1:scarpe-estive:punta-quadrata:borse-a-tracolla-1:zaini-1:accessori:saldi-22-23:borsellini-1:portafogli-1:borse-a-mano-1:borse-a-spalla-1:scarpe-con-tacco:ballerine-punta-a-sacchetto:borse-make-up:ballerine-traforate:ballerine-ultimi-numeri,IT,2017/10/27,ecommerce@martaray.it,martaray.italia,17961,marta_ray,19043,,,,Shopify,87747,364,290816,Lazio,Active,Possiamo offrire un Workshop gratuito per martaray,"Ciao a tutti
, Mi chiamo Federico Utzeri, amministratore di Hybrida l’agenzia che offre ad eCommerce team di crescita per aumentare il fatturato.
Ho visto il vostro eCommerce martaray, penso che alcuni dei vostri prodotti nel 2023 abbiano un’ottima prospettiva di crescita
Ogni mese selezioniamo 5 eCommerce a cui offrire un workshop (gratuito) in cui facciamo un’analisi delle metriche e creiamo un piano d’azione personalizzato che l’eCommerce può seguire per crescere.
Mi piacerebbe davvero fare questo workshop con https://www.martaray.it perché credo ci siano grandi potenzialità di crescita;
Vi sembra una cattiva idea fare un Workshop gratuito per capire cosa potreste fare per aumentare il fatturato di martaray nei prossimi tre mesi?
Spero di sentirvi presto!"
4,www.funkysnowboards.com,/Apparel,Milan,,IT,2018/11/30,info@funkysnowboards.com,funkysnowboards,10923,funkysnowboards,22044,,#ERROR!,,WooCommerce,81395,0,293036,Lombardy,Active,Possiamo offrire un Workshop gratuito per funkysnowboards,"Ciao a tutti
, Mi chiamo Federico Utzeri, amministratore di Hybrida l’agenzia che offre ad eCommerce team di crescita per aumentare il fatturato.
Ho visto il vostro eCommerce funkysnowboards, penso che alcuni dei vostri prodotti nel 2023 abbiano un’ottima prospettiva di crescita
Ogni mese selezioniamo 5 eCommerce a cui offrire un workshop (gratuito) in cui facciamo un’analisi delle metriche e creiamo un piano d’azione personalizzato che l’eCommerce può seguire per crescere.
Mi piacerebbe davvero fare questo workshop con https://www.funkysnowboards.com perché credo ci siano grandi potenzialità di crescita;
Vi sembra una cattiva idea fare un Workshop gratuito per capire cosa potreste fare per aumentare il fatturato di funkysnowboards nei prossimi tre mesi?
Spero di sentirvi presto!"
5,reloadshop.it,/Apparel/Footwear,Forli,,IT,2016/12/30,info@reloadshop.it,reloadshop,32265,reloadshop,8372,,#ERROR!,,WooCommerce,89856,0,319264,Emilia-Romagna,Active,Possiamo offrire un Workshop gratuito per reloadshop,"Ciao a tutti
, Mi chiamo Federico Utzeri, amministratore di Hybrida l’agenzia che offre ad eCommerce team di crescita per aumentare il fatturato.
Ho visto il vostro eCommerce reloadshop, penso che alcuni dei vostri prodotti nel 2023 abbiano un’ottima prospettiva di crescita
Ogni mese selezioniamo 5 eCommerce a cui offrire un workshop (gratuito) in cui facciamo un’analisi delle metriche e creiamo un piano d’azione personalizzato che l’eCommerce può seguire per crescere.
Mi piacerebbe davvero fare questo workshop con https://www.reloadshop.it perché credo ci siano grandi potenzialità di crescita;
Vi sembra una cattiva idea fare un Workshop gratuito per capire cosa potreste fare per aumentare il fatturato di reloadshop nei prossimi tre mesi?
Spero di sentirvi presto!"
6,bluexpress.com,/Apparel,San Martino Buon Albergo,gonna:apparel-denim:alpha-industries:special-pages-stuff:special-pages-iconic:special-pages-iconic-tee:special-pages-iconic-belt:brand-amish:brand-iuter:brand-super:brand-deevaa:brand-forever-bag:brand-goorin-bros:apparel-pants:frontstreet-8:brand-carhartt:apparel-t-shirt:accessories-cinture:portafogli:saldi-aw22:brand-adidas:brand-freitag:brand-suicoke:apparel-hoodie:accessories-caps:brand-htc:brand-k-way:apparel-felpe:apparel-camicie:accessories-flip-flops:brand-golden-goose-deluxe-brand:nike:brand-forbitches:accessories-borse:special-pages-fw22:accessories-occhiali-da-sole:accessories-calze:accessories-sneakers:brand-hoka:brand-diesel:brand-dickies:brand-krakatau:apparel-giacche:accessories-boots:brand-deus-ex-machina,IT,2016/12/30,,blueexpressfamilyofficial,5662,blueexpressfamily,14689,,,,Shopify,96396,1886,324035,Veneto,Active,Possiamo offrire un Workshop gratuito per bluexpress,"Ciao a tutti
, Mi chiamo Federico Utzeri, amministratore di Hybrida l’agenzia che offre ad eCommerce team di crescita per aumentare il fatturato.
Ho visto il vostro eCommerce bluexpress, penso che alcuni dei vostri prodotti nel 2023 abbiano un’ottima prospettiva di crescita
Ogni mese selezioniamo 5 eCommerce a cui offrire un workshop (gratuito) in cui facciamo un’analisi delle metriche e creiamo un piano d’azione personalizzato che l’eCommerce può seguire per crescere.
Mi piacerebbe davvero fare questo workshop con https://www.bluexpress.com perché credo ci siano grandi potenzialità di crescita;
Vi sembra una cattiva idea fare un Workshop gratuito per capire cosa potreste fare per aumentare il fatturato di bluexpress nei prossimi tre mesi?
Spero di sentirvi presto!"
7,mellos1986.com,/Apparel,Chiuro,,IT,2019/12/13,info@mellos1986.com,mellosbutterfly,5621,mellos_butterfly,1679,11162517.0,,,WooCommerce,92132,0,326390,Lombardy,Active,Possiamo offrire un Workshop gratuito per mellos1986,"Ciao a tutti
, Mi chiamo Federico Utzeri, amministratore di Hybrida l’agenzia che offre ad eCommerce team di crescita per aumentare il fatturato.
Ho visto il vostro eCommerce mellos1986, penso che alcuni dei vostri prodotti nel 2023 abbiano un’ottima prospettiva di crescita
Ogni mese selezioniamo 5 eCommerce a cui offrire un workshop (gratuito) in cui facciamo un’analisi delle metriche e creiamo un piano d’azione personalizzato che l’eCommerce può seguire per crescere.
Mi piacerebbe davvero fare questo workshop con https://www.mellos1986.com perché credo ci siano grandi potenzialità di crescita;
Vi sembra una cattiva idea fare un Workshop gratuito per capire cosa potreste fare per aumentare il fatturato di mellos1986 nei prossimi tre mesi?
Spero di sentirvi presto!"
8,www.bravestore.it,/Apparel,,,IT,2018/6/15,info@bravestore.it,brave.italy,5410,brave.italy,5773,,,,WooCommerce,94671,0,334128,,Active,Possiamo offrire un Workshop gratuito per bravestore,"Ciao a tutti
, Mi chiamo Federico Utzeri, amministratore di Hybrida l’agenzia che offre ad eCommerce team di crescita per aumentare il fatturato.
Ho visto il vostro eCommerce bravestore, penso che alcuni dei vostri prodotti nel 2023 abbiano un’ottima prospettiva di crescita
Ogni mese selezioniamo 5 eCommerce a cui offrire un workshop (gratuito) in cui facciamo un’analisi delle metriche e creiamo un piano d’azione personalizzato che l’eCommerce può seguire per crescere.
Mi piacerebbe davvero fare questo workshop con https://www.bravestore.it perché credo ci siano grandi potenzialità di crescita;
Vi sembra una cattiva idea fare un Workshop gratuito per capire cosa potreste fare per aumentare il fatturato di bravestore nei prossimi tre mesi?
Spero di sentirvi presto!"
9,www.orizo.it,/Sports/Sporting Goods/Outdoors:/Apparel/Footwear,Montebelluna,,IT,2016/12/30,,orizoonlineshop,5375,orizo_italia,1388,,,,PrestaShop,5980,0,392092,Veneto,Active,Possiamo offrire un Workshop gratuito per orizo,"Ciao a tutti
, Mi chiamo Federico Utzeri, amministratore di Hybrida l’agenzia che offre ad eCommerce team di crescita per aumentare il fatturato.
Ho visto il vostro eCommerce orizo, penso che alcuni dei vostri prodotti nel 2023 abbiano un’ottima prospettiva di crescita
Ogni mese selezioniamo 5 eCommerce a cui offrire un workshop (gratuito) in cui facciamo un’analisi delle metriche e creiamo un piano d’azione personalizzato che l’eCommerce può seguire per crescere.
Mi piacerebbe davvero fare questo workshop con https://www.orizo.it perché credo ci siano grandi potenzialità di crescita;
Vi sembra una cattiva idea fare un Workshop gratuito per capire cosa potreste fare per aumentare il fatturato di orizo nei prossimi tre mesi?
Spero di sentirvi presto!"
10,bahobab.it,/Apparel,Martina Franca,,IT,2019/03/22,info@bahobab.it,bahobab,752,bahobab__,1311,,#ERROR!,,WooCommerce,119418,0,408873,Apulia,Active,Possiamo offrire un Workshop gratuito per bahobab,"Ciao a tutti
, Mi chiamo Federico Utzeri, amministratore di Hybrida l’agenzia che offre ad eCommerce team di crescita per aumentare il fatturato.
Ho visto il vostro eCommerce bahobab, penso che alcuni dei vostri prodotti nel 2023 abbiano un’ottima prospettiva di crescita
Ogni mese selezioniamo 5 eCommerce a cui offrire un workshop (gratuito) in cui facciamo un’analisi delle metriche e creiamo un piano d’azione personalizzato che l’eCommerce può seguire per crescere.
Mi piacerebbe davvero fare questo workshop con https://www.bahobab.it perché credo ci siano grandi potenzialità di crescita;
Vi sembra una cattiva idea fare un Workshop gratuito per capire cosa potreste fare per aumentare il fatturato di bahobab nei prossimi tre mesi?
Spero di sentirvi presto!"
11,www.zoccolimania.it,/Apparel/Footwear,,,IT,2019/3/22,,zoccolimania-597235970425137,13916,zoccolimania,3322,,,,WooCommerce,122058,0,416706,,Active,Possiamo offrire un Workshop gratuito per zoccolimania,"Ciao a tutti
, Mi chiamo Federico Utzeri, amministratore di Hybrida l’agenzia che offre ad eCommerce team di crescita per aumentare il fatturato.
Ho visto il vostro eCommerce zoccolimania, penso che alcuni dei vostri prodotti nel 2023 abbiano un’ottima prospettiva di crescita
Ogni mese selezioniamo 5 eCommerce a cui offrire un workshop (gratuito) in cui facciamo un’analisi delle metriche e creiamo un piano d’azione personalizzato che l’eCommerce può seguire per crescere.
Mi piacerebbe davvero fare questo workshop con https://www.zoccolimania.it perché credo ci siano grandi potenzialità di crescita;
Vi sembra una cattiva idea fare un Workshop gratuito per capire cosa potreste fare per aumentare il fatturato di zoccolimania nei prossimi tre mesi?
Spero di sentirvi presto!"
12,www.fioronicashmere.com,/Apparel,,,IT,2019/04/19,info@fioronicashmere.com,fioroni-cashmere-100696478565058,35,fioronicashmere,697,,#ERROR!,,WooCommerce,123647,0,421345,,Active,Possiamo offrire un Workshop gratuito per fioronicashmere,"Ciao a tutti
, Mi chiamo Federico Utzeri, amministratore di Hybrida l’agenzia che offre ad eCommerce team di crescita per aumentare il fatturato.
Ho visto il vostro eCommerce fioronicashmere, penso che alcuni dei vostri prodotti nel 2023 abbiano un’ottima prospettiva di crescita
Ogni mese selezioniamo 5 eCommerce a cui offrire un workshop (gratuito) in cui facciamo un’analisi delle metriche e creiamo un piano d’azione personalizzato che l’eCommerce può seguire per crescere.
Mi piacerebbe davvero fare questo workshop con https://www.fioronicashmere.com perché credo ci siano grandi potenzialità di crescita;
Vi sembra una cattiva idea fare un Workshop gratuito per capire cosa potreste fare per aumentare il fatturato di fioronicashmere nei prossimi tre mesi?
Spero di sentirvi presto!"
13,www.scintillestore.it,/Apparel/Women's Clothing,,,IT,2020/09/18,,scintillestore,1981,scintille.store,21356,,,,WooCommerce,125746,0,427496,Tuscany,Active,Possiamo offrire un Workshop gratuito per scintillestore,"Ciao a tutti
, Mi chiamo Federico Utzeri, amministratore di Hybrida l’agenzia che offre ad eCommerce team di crescita per aumentare il fatturato.
Ho visto il vostro eCommerce scintillestore, penso che alcuni dei vostri prodotti nel 2023 abbiano un’ottima prospettiva di crescita
Ogni mese selezioniamo 5 eCommerce a cui offrire un workshop (gratuito) in cui facciamo un’analisi delle metriche e creiamo un piano d’azione personalizzato che l’eCommerce può seguire per crescere.
Mi piacerebbe davvero fare questo workshop con https://www.scintillestore.it perché credo ci siano grandi potenzialità di crescita;
Vi sembra una cattiva idea fare un Workshop gratuito per capire cosa potreste fare per aumentare il fatturato di scintillestore nei prossimi tre mesi?
Spero di sentirvi presto!"
14,www.lemariage.it,/Apparel,Ferrara,,IT,2017/03/24,,lemariageitaly,23601,atelierlemariage,6830,,,,WooCommerce,130104,0,439872,Emilia-Romagna,Active,Possiamo offrire un Workshop gratuito per lemariage,"Ciao a tutti
, Mi chiamo Federico Utzeri, amministratore di Hybrida l’agenzia che offre ad eCommerce team di crescita per aumentare il fatturato.
Ho visto il vostro eCommerce lemariage, penso che alcuni dei vostri prodotti nel 2023 abbiano un’ottima prospettiva di crescita
Ogni mese selezioniamo 5 eCommerce a cui offrire un workshop (gratuito) in cui facciamo un’analisi delle metriche e creiamo un piano d’azione personalizzato che l’eCommerce può seguire per crescere.
Mi piacerebbe davvero fare questo workshop con https://www.lemariage.it perché credo ci siano grandi potenzialità di crescita;
Vi sembra una cattiva idea fare un Workshop gratuito per capire cosa potreste fare per aumentare il fatturato di lemariage nei prossimi tre mesi?
Spero di sentirvi presto!"
15,apta-soccer.it,/Apparel/Footwear,,,IT,2018/12/07,info@apta-soccer.it,aptafactory,2129,aptafactory,2301,,#ERROR!,,WooCommerce,130644,0,441444,Veneto,Active,Possiamo offrire un Workshop gratuito per apta-soccer,"Ciao a tutti
, Mi chiamo Federico Utzeri, amministratore di Hybrida l’agenzia che offre ad eCommerce team di crescita per aumentare il fatturato.
Ho visto il vostro eCommerce apta-soccer, penso che alcuni dei vostri prodotti nel 2023 abbiano un’ottima prospettiva di crescita
Ogni mese selezioniamo 5 eCommerce a cui offrire un workshop (gratuito) in cui facciamo un’analisi delle metriche e creiamo un piano d’azione personalizzato che l’eCommerce può seguire per crescere.
Mi piacerebbe davvero fare questo workshop con https://www.apta-soccer.it perché credo ci siano grandi potenzialità di crescita;
Vi sembra una cattiva idea fare un Workshop gratuito per capire cosa potreste fare per aumentare il fatturato di apta-soccer nei prossimi tre mesi?
Spero di sentirvi presto!"
16,nojolia.com,/Apparel,Riva del Garda,tutti-i-prodotti:01-capsule-soft-cosy:pants:types:sweats:vendors:accessori:quick-and-dirty,IT,2016/12/30,,nojolia,13906,nojolia,16075,,,,Shopify,128812,222,456280,Trentino-South Tyrol,Active,Possiamo offrire un Workshop gratuito per nojolia,"Ciao a tutti
, Mi chiamo Federico Utzeri, amministratore di Hybrida l’agenzia che offre ad eCommerce team di crescita per aumentare il fatturato.
Ho visto il vostro eCommerce nojolia, penso che alcuni dei vostri prodotti nel 2023 abbiano un’ottima prospettiva di crescita
Ogni mese selezioniamo 5 eCommerce a cui offrire un workshop (gratuito) in cui facciamo un’analisi delle metriche e creiamo un piano d’azione personalizzato che l’eCommerce può seguire per crescere.
Mi piacerebbe davvero fare questo workshop con https://www.nojolia.com perché credo ci siano grandi potenzialità di crescita;
Vi sembra una cattiva idea fare un Workshop gratuito per capire cosa potreste fare per aumentare il fatturato di nojolia nei prossimi tre mesi?
Spero di sentirvi presto!"
17,nojolia.com,/Apparel,Riva del Garda,tutti-i-prodotti:01-capsule-soft-cosy:pants:types:sweats:vendors:accessori:quick-and-dirty,IT,2016/12/30,,nojolia,13906,nojolia,16075,,,,Shopify,128812,222,456280,Trentino-South Tyrol,Active,Possiamo offrire un Workshop gratuito per nojolia,"Ciao a tutti
, Mi chiamo Federico Utzeri, amministratore di Hybrida l’agenzia che offre ad eCommerce team di crescita per aumentare il fatturato.
Ho visto il vostro eCommerce nojolia, penso che alcuni dei vostri prodotti nel 2023 abbiano un’ottima prospettiva di crescita
Ogni mese selezioniamo 5 eCommerce a cui offrire un workshop (gratuito) in cui facciamo un’analisi delle metriche e creiamo un piano d’azione personalizzato che l’eCommerce può seguire per crescere.
Mi piacerebbe davvero fare questo workshop con https://www.nojolia.com perché credo ci siano grandi potenzialità di crescita;
Vi sembra una cattiva idea fare un Workshop gratuito per capire cosa potreste fare per aumentare il fatturato di nojolia nei prossimi tre mesi?
Spero di sentirvi presto!"
